{"count":1,"self":2.378859,"total":14.4007203,"children":{"AgentSendState":{"count":2834,"self":0.078111699999999992,"total":0.23630669999999998,"children":{"CollectObservations":{"count":11336,"self":0.10301149999999999,"total":0.10301149999999999,"children":null},"CollectDiscreteActionMasks":{"count":11336,"self":0.0124388,"total":0.0124388,"children":null},"AgentInfo.ToProto":{"count":8502,"self":0.011219999999999999,"total":0.0427447,"children":{"GenerateSensorData":{"count":8502,"self":0.031524699999999996,"total":0.031524699999999996,"children":null}}}}},"DecideAction":{"count":2834,"self":11.6780296,"total":11.6780296,"children":null},"AgentAct":{"count":2834,"self":0.1055219,"total":0.1055219,"children":null},"AgentInfo.ToProto":{"count":233,"self":0.0010012999999999999,"total":0.0020031,"children":{"GenerateSensorData":{"count":233,"self":0.0010018,"total":0.0010018,"children":null}}}},"gauges":{"CarDrive.CumulativeReward":{"count":323,"max":0.355111837,"min":-3.52476764,"runningAverage":-1.05357087,"value":-1,"weightedAverage":-0.994005561}},"metadata":{"timer_format_version":"0.1.0","start_time_seconds":"1617667189","unity_version":"2020.1.14f1","command_line_arguments":"C:\\Program Files\\Unity\\Hub\\Editor\\2020.1.14f1\\Editor\\Unity.exe -projectpath D:\/GitHub\/ai-programming\/cAr-drIve-master -useHub -hubIPC -cloudEnvironment production -hubSessionId 451d7200-95bc-11eb-b051-8382758cee42","communication_protocol_version":"1.0.0","com.unity.ml-agents_version":"1.0.6","scene_name":"CarPlay","end_time_seconds":"1617667203"}}